Song;Total Distance
Anthropology Anthology;56
Blueming;34
Bourée;56
Bygone Bumps;36
Calon Lan;52
Cia Pat;26
Decision (Price of Love);36
Elysium;32
Exposition;46
Firth Of Fifth;38
Hello;54
John Ryan's Polka;58
La Fedele Creatura di Orione;50
Less Is Moi;38
Married Life;36
Moon People;48
Resolver;36
ScarFace 'Tony Theme' Giorgio Moroder;38
Sea Change;52
Single Petal Of A Rose;44
syro u473t8+e [141.98] (piezoluminescence mix);44
Small Talk;64
Song For A New Beginning;40
Šeši? Nat? Drama _ Drama In Six Notes;46
The Enchanted Garden;48
The Kiss - The Last Of The Mohicans;42
The Promise;46
The Weeping Meadow;54
USA III Rail;44
Wings;58
